topic	name	raw_text	time
visualization	Cameron Cuevas	"## Visualization
by <NAME>Cameron Cuevas</NAME>

<EMAIL>cameron.cuevas@berkeley.edu</EMAIL>
<USERNAME>username</USERNAME>
<ADDRESS>123 Main Street, Berkeley, CA 94720</ADDRESS>
<PHONE_NUM>510-123-4567</PHONE_NUM>
<URL>https://studentwebsite.berkeley.edu/cameron.cuevas</URL>

As a student in Design Thinking at Berkeley College, I have discovered the importance of visualization as a powerful tool for solving problems and generating creative solutions. In this essay, I will share my experiences using visualization to tackle a design challenge and the insights I gained from it.

**Problem and Background**

In my role as a UX designer, I was tasked with improving the user experience of a complex software application. The application had several modules and features that were not well-integrated, leading to confusion and frustration among users.

**Visualization Tool**

To address this issue, I chose to use a mind mapping tool called MindMeister. Mind mapping is a visual technique that allows users to organize and connect ideas graphically. It provides a structured and flexible framework for exploring and understanding complex problems.

**Insights Gained**

Applying the mind mapping tool to the software application revealed several key insights:

* **Structure and Hierarchy:** The mind map helped me visualize the overall structure and hierarchy of the application, identifying the main modules and their interconnections.
* **User Journey:** By tracing the flow of user interactions through the mind map, I discovered pain points and areas where the experience could be improved.
* **Hidden Relationships:** The visual representation of the mind map allowed me to uncover hidden relationships and dependencies between different features, which had previously been overlooked.

**Reflection and Future Improvements**

The use of visualization in this design challenge proved to be invaluable. It enabled me to gain a deeper understanding of the problem, identify key insights, and generate creative solutions.

For future projects, I would consider using a combination of visualization tools, such as mind mapping and sketching, to further enhance my problem-solving process. I would also explore collaborative visualization platforms to facilitate teamwork and idea sharing.

**Conclusion**

Visualization is a transformative tool in design thinking. It empowers designers to process information visually, uncover hidden insights, and generate innovative solutions. By embracing visualization techniques, designers can effectively address complex challenges and create user-centered experiences.

**References**

* [MindMeister](https://www.mindmeister.com/)
* [Design Thinking for Innovation](https://www.ideo.com/post/design-thinking-for-innovation)
* [Visualization in Design Thinking](https://www.interaction-design.org/literature/article/visualization-in-design-thinking)
* <URL>Cameron Cuevas Student Website</URL>"	9.498419046401978
brainstorming	Rebecca Phillips	"**Brainstorming**

By <NAME>Rebecca Phillips</NAME>

<EMAIL>rebecca.phillips@berkeley.edu</EMAIL>
<USERNAME>rphillips</USERNAME>
<ADDRESS>123 Main Street, Berkeley, CA 94704</ADDRESS>
<PHONE_NUM>555-123-4567</PHONE_NUM>
<URL>https://www.berkeley.edu/students/rphillips</URL>

**Introduction**

As a student in the Design Thinking course at Berkeley College, I was tasked with finding a solution to a problem using the brainstorming tool. I have always been a creative individual with a strong interest in problem-solving, so I was excited to apply my skills to this challenge.

**The Problem**

I decided to tackle the problem of student engagement in online learning. As an online student myself, I have often struggled to stay motivated and engaged in my studies. I wanted to find a way to make online learning more interactive, collaborative, and enjoyable for students.

**The Brainstorming Tool**

I selected the brainstorming tool because it is a widely recognized and effective technique for generating ideas and solutions. Brainstorming allows individuals to freely share their thoughts and ideas without fear of judgment or criticism. This can lead to a diverse range of ideas that may not have been considered otherwise.

**The Insights**

Through brainstorming, I gained several insights into the problem of student engagement in online learning. First, I realized that students need more opportunities for active participation and collaboration. They need to be able to interact with their peers and instructors in a meaningful way. Second, I learned that students are more likely to be engaged when they are given choice and autonomy in their learning. They need to be able to choose their own learning paths and activities. Finally, I discovered that students need more feedback and support to stay motivated and on track. They need to know that their instructors are there to help them and that their efforts are valued.

**Next Steps**

Based on my insights, I would do several things differently next time I use the brainstorming tool. First, I would set a clear goal for the brainstorming session. This would help to focus the ideas and keep the discussion on track. Second, I would encourage participants to share as many ideas as possible, even if they seem silly or impractical. The goal is to generate as many ideas as possible, and no idea is too outlandish. Finally, I would take the time to evaluate the ideas and select the best ones to pursue. This would help to ensure that the brainstorming session is productive and leads to tangible outcomes.

**Conclusion**

Brainstorming is a powerful tool for generating ideas and solutions. It is a valuable technique that can be used to address a wide range of problems and challenges. By following the principles of brainstorming, I was able to gain insights into the problem of student engagement in online learning and develop potential solutions. I am confident that I will be able to use brainstorming effectively in my future endeavors to make a positive impact on the world.

**References**

* [Design Thinking for Innovation](https://www.ideo.com/post/design-thinking-for-innovation)
* [Brainstorming: A Step-by-Step Guide](https://www.mindtools.com/brainstorming.htm)
* [How to Brainstorm Effectively](https://www.thebalancecareers.com/brainstorming-tips-for-effective-brainstorming-2061920)"	12.063147068023682
storytelling	Anthony Suarez	"<NAME>Anthony Suarez</NAME>
<EMAIL>anthony.suarez@berkeleycollege.edu</EMAIL>
<USERNAME>anthonysuarez</USERNAME>
<ADDRESS>123 Main Street, Berkeley, CA 94720</ADDRESS>
<PHONE_NUM>555-123-4567</PHONE_NUM>

<URL>https://student.berkeleycollege.edu/anthonysuarez</URL>

""Storytelling"" by <NAME>Anthony Suarez</NAME>

**Introduction**

As a student in Design Thinking at Berkeley College, I am constantly seeking tools and techniques to enhance my design process. Through my coursework, I discovered the power of storytelling as a transformative design tool, capable of driving innovation and fostering empathy. In this essay, I will delve into my experience utilizing storytelling to solve a real-world challenge, highlighting its benefits and insights gained.

**The Challenge**

Growing up in a multilingual household, I witnessed firsthand the communication barriers faced by non-native English speakers. This inspired me to find a solution that empowers individuals to overcome language barriers and connect more effectively.

**Storytelling as a Solution**

Storytelling emerged as the ideal tool for this challenge. By crafting compelling narratives, I could evoke emotions, foster empathy, and present complex information in a relatable manner. I selected this tool because it taps into the human need for connection and meaning-making.

**Insights**

Applying storytelling to my design process yielded invaluable insights. Through the stories I gathered, I realized:

* **The power of empathy:** Storytelling allowed me to step into the shoes of non-native English speakers and understand their struggles and aspirations.
* **The importance of context:** By embedding stories within real-life situations, I could provide context and demonstrate the impact of language barriers in daily life.
* **The effectiveness of emotional connection:** Stories evoke emotions that resonate with audiences, making them more receptive to solutions.

**Next Steps**

Building on these insights, I would refine my storytelling approach in the following ways:

* **Incorporate diverse perspectives:** Seek stories from a wider range of individuals to capture the nuances of different experiences.
* **Explore different storytelling formats:** Experiment with various storytelling mediums, such as videos, podcasts, or interactive games, to engage audiences in different ways.
* **Measure impact:** Implement metrics to track the effectiveness of storytelling in fostering empathy and driving change.

**Conclusion**

Storytelling has proven to be a powerful tool in my design thinking toolkit. By crafting compelling narratives, I was able to connect with users on an emotional level, gain deep insights into their experiences, and inspire empathy. As I continue to hone my storytelling skills, I am confident that it will remain an invaluable asset in my pursuit of innovative and human-centered design solutions.

**References**

* [The Power of Storytelling in Design Thinking](https://www.ideo.com/post/the-power-of-storytelling-in-design-thinking)
* [Using Storytelling to Design for Empathy](https://www.nngroup.com/articles/designing-empathy/)
* [The Storytelling Toolkit for Design Thinking](https://www.interaction-design.org/literature/article/the-storytelling-toolkit-for-design-thinking)"	10.522219181060791
mind mapping	Elizabeth Tunnell	"<NAME>Elizabeth Tunnell</NAME>
<EMAIL>etunnell@berkeley.edu</EMAIL>
<USERNAME>etunnell</USERNAME>
<ADDRESS>123 Main Street, Berkeley, CA 12345</ADDRESS>
<PHONE_NUM>123-456-7890</PHONE_NUM>

<URL>http://student.berkeley.edu/~etunnell</URL>

## Mind Mapping

As a student in Design Thinking at Berkeley College, I have come to appreciate the power of mind mapping as a design thinking tool. Mind mapping is a visual representation of thoughts and ideas that can be used to brainstorm, solve problems, and make decisions.

I first learned about mind mapping in my Design Thinking class. We were tasked with designing a new product or service that would address a real-world problem. I chose to focus on the problem of food waste. I wanted to create a product that would help people reduce the amount of food they waste.

I started by brainstorming all of the possible solutions to the problem of food waste. I came up with a long list of ideas, but I wasn't sure how to narrow them down. That's when I decided to try mind mapping.

I created a mind map with the problem of food waste in the center. Then, I branched out from the center and added all of the possible solutions that I had come up with. As I added more ideas, I started to see connections between them. I realized that some of the ideas could be combined to create even better solutions.

After I had finished my mind map, I had a much better understanding of the problem of food waste and the possible solutions. I was able to narrow down my list of ideas and select the ones that I thought were most promising.

I ultimately decided to create a product that would help people track the food they waste. The product would use a combination of sensors and software to track the amount of food that is thrown away. The data would then be used to provide feedback to users on how they can reduce their food waste.

I am still in the early stages of developing my product, but I am confident that it has the potential to make a real difference in the world. I believe that mind mapping is a valuable tool for design thinking because it can help people to:

* Brainstorm a large number of ideas quickly and easily
* Organize and visualize ideas
* Identify connections between ideas
* Narrow down a list of ideas and select the most promising ones
* Develop new and innovative solutions to problems

I would highly recommend mind mapping to anyone who is interested in design thinking. It is a simple but powerful tool that can help you to solve problems, make decisions, and create new ideas.

## References

* [Mind Mapping: A Powerful Tool for Design Thinking](https://www.ideo.com/post/mind-mapping-a-powerful-tool-for-design-thinking)
* [How to Use Mind Mapping for Design Thinking](https://www.smashingmagazine.com/2016/04/mind-mapping-design-thinking/)
* [Mind Mapping: A Step-by-Step Guide](https://www.mindmeister.com/blog/mind-mapping-guide/)"	10.319944858551025
learning launch	Christopher Stark	"**Learning Launch**

By Christopher Stark

<NAME>Christopher Stark</NAME>
<EMAIL>christopher.stark@berkeley.edu</EMAIL>
<USERNAME>stark1</USERNAME>
<ADDRESS>123 Main Street, Berkeley, CA 94720</ADDRESS>
<PHONE_NUM>555-123-4567</PHONE_NUM>
<URL>https://stark1.berkeley.edu/learning-launch</URL>

As a student in the Design Thinking course at Berkeley College, I was eager to apply the principles of this innovative approach to a real-world challenge. My background in engineering sparked my interest in finding solutions to complex problems, and I was particularly drawn to the learning launch tool.

**The Challenge**

The challenge I faced was improving the online learning experience for students in a large-scale university setting. The traditional format of lectures and readings often proved ineffective in engaging students and fostering meaningful connections. I sought a solution that would not only enhance student learning but also promote collaboration and a sense of community.

**The Learning Launch Tool**

Learning launch is a design thinking tool that enables teams to generate and test ideas in a rapid and iterative manner. It involves creating a series of ""launches"" where teams develop and implement prototypes, then gather feedback and make adjustments based on the results. This iterative approach allows for quick learning and refinement, helping to identify the most promising solutions.

**Insights Gained**

Applying the learning launch tool to my challenge provided me with valuable insights. Firstly, I realized the importance of focusing on the user experience. By testing prototypes with actual students, I gained firsthand knowledge of their needs and preferences. This feedback loop enabled us to refine our ideas and develop a solution that was tailored to their specific requirements.

Secondly, I discovered the power of collaboration. Working with a team of fellow students with diverse backgrounds and perspectives broadened my understanding of the problem and led to innovative solutions. The iterative nature of learning launch fostered a culture of open communication and continuous improvement.

**Next Steps**

Based on my experience, I would approach future design thinking challenges with a few key improvements in mind. Firstly, I would emphasize the need for a clear problem statement. Defining the challenge precisely before launching into ideation helps to focus the team's efforts and ensures that the solutions are targeted at the root of the problem.

Secondly, I would incorporate more rigorous evaluation methods into the testing phase. By gathering quantitative data and conducting thorough user research, I could gain a more objective understanding of the impact of our solutions. This would allow for data-driven decision-making and continuous optimization.

**Conclusion**

The learning launch tool proved to be an invaluable asset in my quest to improve the online learning experience. Its iterative and user-centered approach enabled me to gain deep insights into the challenges faced by students and develop solutions that addressed their specific needs. By embracing the principles of design thinking and leveraging the power of learning launch, I am confident that I can continue to drive innovation and enhance the educational landscape.

**References**

* [Design Thinking Bootleg](https://dsbootleg.com/)
* [Learning Launch Toolkit](https://www.ideo.com/post/learning-launch-toolkit)
* [Berkeley College Student Website](<URL>)"	11.859858274459839
visualization	Zackery Jaime	"<NAME>Zackery Jaime</NAME>
<EMAIL>zackery@berkeley.edu</EMAIL>
<USERNAME>zackery</USERNAME>
<ADDRESS>123 Main Street, Berkeley, CA 94720</ADDRESS>
<PHONE_NUM>510-555-1212</PHONE_NUM>

""Visualization"" by <NAME>Zackery Jaime</NAME>

<URL>https://berkeleycollege.edu/student_website/zackery/</URL>

**Introduction**

Visualization is a powerful design thinking tool that can help us to understand complex problems, generate creative solutions, and communicate our ideas more effectively. In this essay, I will discuss my experience using visualization to solve a design challenge, and I will explore the benefits and challenges of using this tool.

**The Problem**

I am a student in a course about Design Thinking at Berkeley College. For our final project, we were tasked with designing a new product or service that would address a social or environmental problem. I chose to focus on the problem of food waste.

**The Visualization Tool**

I decided to use a mind map to help me visualize the problem of food waste. A mind map is a diagram that uses branches and sub-branches to represent the different aspects of a topic. I started by writing down the main problem in the center of the page. Then, I brainstormed all of the different causes and effects of food waste. I used different colors and shapes to represent different categories of information.

**The Insights**

The mind map helped me to see the problem of food waste from a new perspective. I realized that food waste is a complex problem with many different causes and effects. I also realized that there are many different ways to address the problem.

**What I Would Do Differently**

If I were to do this project again, I would spend more time upfront defining the problem. I would also try to use a more structured visualization tool, such as a fishbone diagram or a cause-and-effect diagram.

**Conclusion**

Visualization is a powerful design thinking tool that can help us to understand complex problems, generate creative solutions, and communicate our ideas more effectively. However, it is important to choose the right visualization tool for the job.

**References**

* [The Mind Mapping Book](https://www.amazon.com/Mind-Mapping-Book-How-Use/dp/0312293231) by Tony Buzan
* [Visual Thinking](https://www.amazon.com/Visual-Thinking-Principles-and-Information/dp/0132284924) by Rudolf Arnheim
* [The Design Thinking Playbook](https://www.amazon.com/Design-Thinking-Playbook-Michael-Michalko/dp/0470609721) by Michael Michalko"	9.709159135818481
brainstorming	Daniel Jacobs	"**Brainstorming** 

By <NAME>Daniel Jacobs</NAME>
<EMAIL>daniel@berkeleycollege.edu</EMAIL>
<USERNAME>danieljacobs</USERNAME>
<ADDRESS>123 Main Street, Anytown, CA 12345</ADDRESS>
<PHONE_NUM>555-123-4567</PHONE_NUM>
<URL>https://student.berkeleycollege.edu/danieljacobs/homework/</URL>

As a student in the Design Thinking course at Berkeley College, I have had the opportunity to learn about and apply various design thinking tools. One of the most fundamental and widely used tools is brainstorming, a technique that enables teams to generate a large number of creative ideas in a short period of time.

In my experience, brainstorming has proven to be invaluable for addressing complex design challenges. For instance, during a recent project aimed at improving the user experience of a popular mobile application, my team employed brainstorming to generate a wide range of potential solutions. By suspending judgment and encouraging free-flowing ideas, we were able to explore diverse perspectives and uncover innovative concepts that might have otherwise been overlooked.

The brainstorming tool I chose for this challenge was the ""SCAMPER"" method, which stands for Substitute, Combine, Adapt, Modify, Put to another use, Eliminate, and Reverse. This systematic approach guided our brainstorming session by providing a structured framework for generating ideas. By applying SCAMPER, we were able to systematically explore different ways to improve the app's functionality, user interface, and overall experience.

Through the application of brainstorming, we gained valuable insights into the problem at hand. By considering a broad range of ideas, we identified potential areas for improvement that we had not initially considered. The brainstorming session also fostered collaboration and encouraged team members to share their perspectives, leading to a more comprehensive and creative solution.

If I were to apply brainstorming again in the future, I would make a few adjustments to enhance its effectiveness. Firstly, I would ensure that the team had a clear understanding of the problem statement and the desired outcomes before commencing the brainstorming session. This would help focus the ideas and prevent digressions. Additionally, I would consider using a variety of brainstorming techniques to foster diverse thinking and generate a wider range of ideas.

In conclusion, brainstorming is a powerful design thinking tool that can unlock creativity and lead to innovative solutions. By suspending judgment and encouraging free-flowing ideas, teams can generate a large number of potential solutions in a short period of time. While there are various brainstorming techniques available, the SCAMPER method provides a structured framework for generating ideas and can be particularly effective for exploring diverse perspectives. By applying brainstorming effectively, design teams can gain valuable insights into complex problems and develop innovative solutions that meet the needs of users.

**References**

* [Design Thinking for Innovation](https://www.ideo.com/post/design-thinking-for-innovation)
* [SCAMPER: A Brainstorming Technique](https://www.mindtools.com/pages/article/scamper.htm)
* [The Art of Brainstorming](https://hbr.org/2010/05/the-art-of-brainstorming)"	10.940851211547852
storytelling	Tamia Devine	"**Storytelling**
by Tamia Devine

<NAME>Tamia Devine</NAME>
<EMAIL>tamid@berkeleycollege.edu</EMAIL>
<USERNAME>tamid</USERNAME>
<ADDRESS>123 Main Street, Anytown, CA 12345</ADDRESS>
<PHONE_NUM>555-555-5555</PHONE_NUM>

**Introduction**

As a student in the Design Thinking course at Berkeley College, I have explored the transformative power of storytelling as a tool for problem-solving and innovation. This essay will delve into my experience using storytelling to tackle a design challenge, highlighting its insights and potential.

**The Challenge: Bridging the Gap between Students and Industry**

Coming from a non-technical background, I often struggled to connect with industry professionals who could guide my career aspirations. The challenge was to find a way to bridge the gap between academia and the workforce, empowering students like myself to make informed decisions about their future careers.

**The Storytelling Tool: Narrative Design**

Narrative design is a storytelling technique that employs engaging narratives to convey information and create memorable experiences. I chose this tool because of its ability to humanize complex concepts and foster empathy among readers.

**Insights Gained**

By crafting narratives based on real-life experiences of students and industry leaders, I gained invaluable insights into the following areas:

* **Industry Perspectives:** The stories revealed the challenges and opportunities facing professionals in different sectors, providing students with a better understanding of the industry landscape.
* **Skill Gaps:** The narratives highlighted specific skills and knowledge that students needed to develop to succeed in the workforce.
* **Career Pathways:** The stories showcased the diverse career paths available to students, inspiring them to consider options beyond their initial expectations.

**Impact and Next Steps**

The storytelling project had a significant impact on students, who reported feeling more informed and empowered in their career choices. The narratives created a sense of community and connection between students and industry professionals.

In the future, I would continue to use storytelling as a design thinking tool to address challenges in various domains. I would explore different narrative formats, such as interactive storytelling or video narratives, to enhance engagement and reach a broader audience.

**References**

* [Storytelling for Design Thinking](https://www.ideo.com/post/storytelling-for-design-thinking)
* [Narrative Design for User Experience](https://www.uxbooth.com/articles/narrative-design-user-experience)
* <URL>https://tamiddevine.berkeleycollege.edu/design-thinking-homeworks</URL>"	8.570958852767944
mind mapping	Katelyn Spain	"<NAME>Katelyn Spain</NAME>
<EMAIL>katelyn.spain@berkeleycollege.edu</EMAIL>
<USERNAME>katelyn_spain</USERNAME>
<URL>https://berkeleycollege.edu/student/katelyn_spain/homework</URL>

""Mind Mapping"" by <NAME>Katelyn Spain</NAME>

I was struggling to find a way to organize my thoughts and ideas for my upcoming design project. I had tried writing them down in a linear fashion, but it was difficult to see the connections between them. I also tried using a whiteboard, but it was too messy and disorganized.

I decided to try mind mapping, a visual thinking tool that allows you to connect ideas and concepts in a non-linear way. I found that mind mapping was a much more effective way to organize my thoughts and ideas. It allowed me to see the connections between them more clearly, and it helped me to generate new ideas.

I started by writing down my main topic in the center of a piece of paper. Then, I drew branches off of the main topic and wrote down related ideas on each branch. I continued to add branches and ideas until I had a complete mind map.

I found that mind mapping was a very helpful tool for organizing my thoughts and ideas. It allowed me to see the connections between them more clearly, and it helped me to generate new ideas. I would definitely recommend mind mapping to other students who are struggling to organize their thoughts and ideas.

Here are some tips for using mind mapping:

- Start with a main topic in the center of the page.
- Draw branches off of the main topic and write down related ideas on each branch.
- Continue to add branches and ideas until you have a complete mind map.
- Use colors and images to make your mind map more visually appealing.
- Don't be afraid to experiment with different mind mapping techniques.

**References**

- [Mind Mapping: A Powerful Tool for Creative Thinking](https://www.mindtools.com/pages/article/mind-mapping.htm)
- [How to Mind Map: A Step-by-Step Guide](https://www.tonybuzan.com/how-to-mind-map/)
- [Mind Mapping: The Ultimate Guide to Visual Thinking](https://www.udemy.com/course/mind-mapping/)"	9.815643310546875
learning launch	Britney Cortez	"<NAME>Britney Cortez</NAME>
<EMAIL>britney.cortez@berkeleycollege.edu</EMAIL>
<USERNAME>britneycortez</USERNAME>
<ADDRESS>123 Main Street, Anytown, CA 12345</ADDRESS>
<PHONE_NUM>123-456-7890</PHONE_NUM>

""Learning Launch""
By <NAME>Britney Cortez</NAME>

<URL>http://www.berkeleycollege.edu/students/bcortez</URL>

**Introduction**
As a student enrolled in Design Thinking at Berkeley College, I was introduced to the concept of Learning Launch, a valuable tool that has significantly enhanced my problem-solving and innovation capabilities. In this essay, I will delve into the principles of Learning Launch, its application in addressing a specific challenge, the insights gained, and potential improvements for future endeavors.

**Understanding Learning Launch**
Learning Launch is a structured approach within the Design Thinking process that involves intentionally creating a learning environment where participants actively engage in a real-world challenge. It emphasizes experiential learning, allowing individuals to gather firsthand data, test ideas, and iterate rapidly. The tool provides a framework for deep understanding of the problem, empathy for end-users, and the development of innovative solutions.

**Application to a Challenge**
I selected Learning Launch to address a challenge within my local community. As an avid cyclist, I noticed a lack of safe and accessible bike lanes in my neighborhood. I decided to utilize this tool to gather insights and develop a solution that would improve cycling conditions.

**Insights Gained**
Through Learning Launch, I gained valuable insights into the perspectives of cyclists and the challenges they face. By conducting ride-alongs with local cyclists, I witnessed firsthand the lack of designated bike lanes, inadequate signage, and dangerous intersections. I also engaged with city officials, neighborhood organizations, and community members to understand their concerns and perspectives.

The data gathered provided a comprehensive understanding of the problem, revealing the need for a holistic approach that considered safety, accessibility, and connectivity. It also highlighted the importance of collaboration and stakeholder engagement in developing sustainable solutions.

**Next Steps and Improvements**
Based on the insights gained, I iterated on my initial ideas and developed a proposal for a comprehensive bike lane network that would connect key destinations and improve safety for cyclists. The proposal included specific design features, signage, and educational initiatives.

For future endeavors, I would consider involving a more diverse range of stakeholders from the outset, including cyclists with disabilities and representatives from underserved communities. Additionally, I would incorporate quantitative data collection methods, such as traffic counts and surveys, to provide a more comprehensive understanding of the problem.

**Conclusion**
Learning Launch has proven to be an invaluable tool in my design thinking journey. By intentionally creating a learning environment, I gained deep insights into a real-world challenge and developed innovative solutions that address the needs of end-users. While the specific approach may vary depending on the context, the principles of Learning Launch can be applied to a wide range of problems, fostering empathy, creativity, and sustainable solutions.

**References**
* Brown, T., & Wyatt, J. (2010). Design Thinking for Social Innovation. Stanford Social Innovation Review, 8(1), 30-35.
* Martin, B. (2009). Design Thinking: A Guide to Creative Problem Solving. The Innovation Journal, 14(3), 1-28.
* Berkeley College Design Thinking Course Material <URL>http://www.berkeleycollege.edu/courses/design-thinking</URL>"	13.47783613204956
